ingredient,count
sugar,622
ice,558
white sugar,459
salt,439
butter,338
flour,293
egg,273
all-purpose flour,259
teaspoon salt,231
oil,230
cinnamon,219
vanilla,216
water,213
milk,206
ground cinnamon,203
pepper,199
apple,191
lemon,180
vanilla extract,179
brown sugar,170
eggs,167
onion,127
baking powder,125
lemon juice,118
black pepper,118
baking soda,118
ground black pepper,113
garlic,104
cream,102
olive oil,101
vinegar,100
pineapple,95
coconut,86
lime,85
gin,81
banana,81
cloves,80
large egg,79
orange,77
corn,73
walnuts,72
nutmeg,71
vegetable oil,70
avocado,68
ground nutmeg,67
honey,67
peach,65
mango,64
apples,63
chopped walnuts,63
strawberries,56
peaches,56
cherries,56
rum,55
apricot,55
cilantro,54
pear,53
ginger,52
salted butter,52
tomato,51
bananas,51
unsalted butter,51
cornstarch,51
large eggs,48
pecans,47
lime juice,45
watermelon,44
cloves garlic,43
fresh cilantro,42
oats,41
figs,40
chopped pecans,39
packed brown sugar,39
crushed pineapple,39
almonds,39
raisins,39
red onion,39
tomatoes,38
confectioners' sugar,38
flaked coconut,38
cream cheese,38
dates,37
pastry,37
plums,37
balsamic vinegar,36
pomegranate,36
pears,36
chopped fresh cilantro,36
cranberries,31
margarine,30
blueberries,29
orange juice,29
nectarine,29
ground cloves,29
fresh peach,29
rolled oats,28
jar,28
ice cubes,27
yogurt,27
kiwi,27
fresh strawberries,27
apricots,27
apple juice,26
ground ginger,26
avocados,25
fresh figs,24
ripe banana,24
fresh peaches,24
fresh lemon juice,24
chicken breast,24
soy sauce,24
ham,23
almond extract,23
onions,22
allspice,22
lemon zest,22
kosher salt,22
clove garlic,22
sour cream,21
ground allspice,21
freshly ground black pepper,21
extra-virgin olive oil,21
maraschino cherries,21
cake mix,21
skinless,21
ripe bananas,20
boneless chicken,20
cumin,20
persimmon pulp,20
cooking spray,20
sweetened condensed milk,20
chicken broth,20
red bell pepper,20
carrot,20
cider vinegar,20
pineapple juice,20
green onion,20
pie crust,20
dried apricots,20
mint,20
coconut milk,20
heavy cream,20
jalapeno pepper,19
red pepper,19
buttermilk,19
nectarines,19
fresh pineapple,19
pomegranate juice,18
shredded coconut,18
fresh ginger,18
papaya,18
boiling water,18
basil,18
chocolate chips,18
cucumber,18
whipped topping,18
apricot preserves,18
granny smith apple,17
parsley,17
garlic powder,17
spinach,17
fresh lime juice,17
sea salt,17
melted butter,17
chicken breast halves,16
dried cranberries,16
light brown sugar,16
orange zest,16
red pepper flakes,16
canola oil,16
ground cumin,16
paprika,15
fresh blueberries,15
egg yolk,15
fresh mint,15
thyme,15
pectin,15
chopped onion,15
pineapple chunks,15
cayenne pepper,15
celery,15
white wine,15
cocoa powder,14
sliced peaches,14
oranges,14
apple cider,14
egg white,14
persimmons,14
frozen whipped topping,14
shortening,14
tablespoon olive oil,14
evaporated milk,14
cold water,13
carrots,13
fresh parsley,13
ginger root,13
slivered almonds,13
"skinless, boneless chicken breast halves",13
rings,13
green onions,13
mangos,13
mayonnaise,12
apple cider vinegar,12
unsweetened cocoa powder,12
granny smith apples,12
rosemary,12
chili powder,12
yellow cake mix,12
shallot,12
egg yolks,12
plain yogurt,12
seedless watermelon,12
grated orange zest,12
golden raisins,11
seeded watermelon,11
white vinegar,11
cantaloupe,11
puff pastry,11
fresh basil,11
grapes,11
pomegranate seeds,11
lemons,11
bread crumbs,11
fresh ginger root,11
rice vinegar,10
frozen puff pastry,10
vodka,10
fruit pectin,10
maple syrup,10
red wine,10
self-rising flour,10
vanilla yogurt,10
lettuce,10
oregano,10
egg whites,10
green bell pepper,10
jell-o,10
pitted dates,10
feta,10
goat cheese,10
semisweet chocolate chips,10
minced garlic,9
cinnamon stick,9
coconut oil,9
hot water,9
prunes,9
canning jars,9
feta cheese,9
kiwis,9
fresh cranberries,9
fresh rosemary,9
brandy,9
limes,9
mission figs,9
lids,9
cheddar cheese,9
fuyu persimmon,9
ripe avocado,9
ketchup,9
mangoes,8
fresh thyme,8
dark brown sugar,8
ground beef,8
large onion,8
red wine vinegar,8
blue cheese,8
whole milk,8
salmon,8
ice cream,8
pork chops,8
sliced almonds,8
mandarin oranges,8
instant vanilla pudding,8
crackers,7
white balsamic vinegar,7
curry powder,7
packages cream cheese,7
baby spinach,7
dijon mustard,7
potato,7
onion powder,7
white onion,7
chia seeds,7
white rice,7
jalapeno peppers,7
crumbled feta cheese,7
white pepper,7
shrimp,7
frozen strawberries,7
fresh mango,7
parmesan cheese,7
sweet onion,7
heavy whipping cream,7
shallots,7
bacon,7
ground coriander,7
dried oregano,7
instant vanilla pudding mix,7
cardamom,7
mixed fruit,7
powdered fruit pectin,7
minced fresh ginger root,7
coriander,7
whiskey,7
chopped dates,7
ripe mango,7
salsa,6
hot pepper sauce,6
basil leaves,6
chopped fresh parsley,6
mint leaves,6
wheat flour,6
cold butter,6
sliced fresh strawberries,6
tart apple,6
crumbled blue cheese,6
mashed banana,6
peanuts,6
fuyu persimmons,6
teaspoon olive oil,6
fish sauce,6
sweetened flaked coconut,6
grated parmesan cheese,6
teaspoon cayenne pepper,6
habanero pepper,6
worcestershire sauce,6
packed light brown sugar,6
vanilla ice cream,6
fresh apricots,6
spinach leaves,6
blackberries,6
raspberries,6
crushed red pepper,6
peanut butter,6
corn tortillas,6
pie shell,6
unbaked pie crust,6
gelatin,6
aluminum foil,6
ripe persimmon,6
chicken stock,6
applesauce,6
crushed ice,6
ale,6
apricot nectar,6
dried thyme,6
maraschino cherry,6
cinnamon sticks,6
pine nuts,6
whole cloves,5
arugula,5
cream of tartar,5
dried cherries,5
basmati rice,5
white cake mix,5
medjool dates,5
white wine vinegar,5
corn syrup,5
potatoes,5
pork loin,5
butter or margarine,5
whole wheat flour,5
taco seasoning mix,5
sesame seeds,5
candied cherries,5
half-pint canning jars,5
cherry tomatoes,5
crushed red pepper flakes,5
seedless grapes,5
graham cracker crumbs,5
poppy seeds,5
tomato paste,5
chopped dried apricots,5
candied mixed fruit,5
chicken thighs,5
currants,5
fresh blackberries,5
boneless pork loin,5
extra virgin olive oil,5
pork tenderloin,5
saffron,5
black mission figs,5
cup white vinegar,5
italian prune plums,5
garlic salt,5
shredded cheddar cheese,5
large pear,5
mashed bananas,5
prosciutto,5
tart apples,4
romaine lettuce,4
fresh raspberries,4
baby spinach leaves,4
fresh basil leaves,4
raspberry jam,4
cake flour,4
french bread,4
dry white wine,4
dried currants,4
bartlett pears,4
chopped celery,4
kale,4
dry bread crumbs,4
bitters,4
black beans,4
sifted confectioners' sugar,4
butternut squash,4
hachiya persimmon,4
whole chicken,4
red apple,4
shredded carrots,4
ground turmeric,4
nori,4
crumbled goat cheese,4
lime zest,4
food coloring,4
macadamia nuts,4
chopped almonds,4
mustard powder,4
cabbage,4
boneless pork chops,4
turbinado sugar,4
salmon fillet,4
ground white pepper,4
teaspoons ground ginger,4
sliced strawberries,4
vanilla sugar,4
serrano chile,4
ground cardamom,4
sour cherries,4
diced tomatoes,4
cherry pie filling,4
green chile pepper,4
burrata cheese,4
grated lemon zest,4
honeydew melon,4
prepared mustard,4
candied mixed fruit peel,4
flour tortillas,4
ripe mangoes,4
cream of coconut,4
quick cooking oats,4
bourbon whiskey,4
low-sodium chicken broth,4
vanilla bean,4
frozen blueberries,4
red plums,4
ripe persimmons,4
kiwi fruit,4
habanero peppers,4
cinnamon sugar,4
lemon extract,4
hot sauce,4
dried basil,4
pitted sour cherries,4
sesame oil,4
almond milk,3
jar apricot preserves,3
lemon pepper,3
chopped pitted dates,3
small onion,3
ripe tomato,3
dried rosemary,3
soy milk,3
orange peel,3
vanilla wafers,3
diced mango,3
boneless chicken thighs,3
green grapes,3
pastry flour,3
zucchini,3
vegetable broth,3
quick-cooking oats,3
sweetened shredded coconut,3
medium papaya,3
cracked black pepper,3
light corn syrup,3
fresh cherries,3
black olives,3
grenadine syrup,3
crispy rice cereal,3
skim milk,3
liquid pectin,3
pomegranates,3
walnut oil,3
roma tomato,3
toothpicks,3
tapioca,3
seasoned rice vinegar,3
white bread,3
unsweetened flaked coconut,3
reynolds wrap® aluminum foil,3
ricotta cheese,3
orange blossom water,3
coconut flakes,3
oil for frying,3
fresh mint leaves,3
sunflower seeds,3
whipped cream,3
shredded mozzarella cheese,3
aged balsamic vinegar,3
distilled white vinegar,3
dry mustard,3
finely chopped almonds,3
ripe peaches,3
chicken breasts,3
apricot brandy,3
grated ginger,3
apricot jam,3
minced onion,3
club soda,3
whole wheat bread,3
almond flour,3
orange liqueur,3
unflavored gelatin,3
dried mission figs,3
saffron threads,3
ripe fuyu persimmons,3
ground almonds,3
lemon-lime soda,3
sweet cherries,3
coconut extract,3
agave nectar,3
unsweetened pineapple juice,3
chili sauce,3
cashews,3
chopped spinach,3
graham cracker crust,3
graham crackers,3
bosc pear,3
sage,3
large banana,3
pitted cherries,3
old-fashioned oats,3
pie crusts,3
powdered sugar,3
tomatillos,3
active dry yeast,3
papayas,3
kidney beans,3
unbleached all-purpose flour,3
milk chocolate,3
jasmine rice,3
blanched slivered almonds,3
green beans,3
sherry,3
superfine sugar,3
beef broth,3
warm water,3
refried beans,3
half-and-half cream,3
kiwifruit,3
gorgonzola cheese,3
walnut pieces,3
grape tomatoes,3
french baguette,2
fresh mozzarella,2
blanched almond flour,2
molasses,2
crushed peanuts,2
cucumbers,2
crumbled gorgonzola cheese,2
shredded cabbage,2
yellow bell pepper,2
ground paprika,2
whole-milk ricotta cheese,2
chipotle peppers in adobo sauce,2
monterey jack cheese,2
crushed tomatoes,2
watermelon chunks,2
seedless green grapes,2
compressed fresh yeast,2
smoked salmon,2
tequila,2
fine sea salt,2
heirloom tomatoes,2
halloumi cheese,2
lemon wedge,2
black plum,2
champagne,2
mixed baby greens,2
tart red cherries,2
medium carrot,2
chopped toasted walnuts,2
tuna steaks,2
hachiya persimmon pulp,2
couscous,2
chopped mango,2
chicken bouillon,2
milk chocolate chips,2
unsweetened shredded coconut,2
cherry preserves,2
wheat germ,2
bread flour,2
butter flavored extract,2
miniature marshmallows,2
golden delicious apple,2
mango pulp,2
coarse salt,2
ground mustard,2
pineapple rings,2
italian bread,2
medium shrimp,2
arugula leaves,2
reduced-fat cream cheese,2
lean ground beef,2
dark soy sauce,2
dried parsley,2
imitation crabmeat,2
toasted pecans,2
low-fat vanilla yogurt,2
espresso,2
sliced peaches in heavy syrup,2
bay leaf,2
baking mix,2
smoked turkey breast,2
long-grain white rice,2
sweet paprika,2
orange-flavored liqueur,2
fresh cracked pepper,2
dry pectin,2
brie cheese,2
chili-lime seasoning,2
unbaked pie shell,2
tomato sauce,2
peach schnapps,2
frozen mango chunks,2
apricot halves,2
pie crust pastry,2
sweet baking chocolate,2
pistachio nuts,2
light soy sauce,2
fresh oregano,2
nonstick cooking spray,2
ripe pear,2
baby greens,2
strawberry flavored jell-o,2
unsweetened apple juice,2
buttery round crackers,2
cooked chicken breast,2
firm pears,2
cold milk,2
hazelnuts,2
hot chili sauce,2
fresh garlic,2
mandarin orange segments,2
shredded sharp cheddar cheese,2
roasted peanuts,2
fresh spinach leaves,2
double crust ready-to-use pie crust,2
tarragon,2
cilantro leaves,2
"boneless, skinless chicken breast halves",2
smoked almonds,2
toasted pine nuts,2
watermelon rind,2
mochiko,2
sugar substitute,2
corn chips,2
mixed salad greens,2
chicken pieces,2
yellow mustard,2
green apples,2
pumpkin puree,2
pumpkin seeds,2
quinoa,2
pistachios,2
swiss cheese,2
toasted walnuts,2
fresh chives,2
pinto beans,2
grapeseed oil,2
dry mustard powder,2
ice water,2
seedless raspberry jam,2
chamoy,2
red food coloring,2
pumpkin pie spice,2
boneless leg of lamb,2
simple syrup,2
seasoned bread crumbs,2
ripe nectarine,2
sweetened dried cranberries,2
light olive oil,2
italian plums,2
diced cucumber,2
hot chile paste,2
lemon-lime flavored carbonated beverage,2
dried cilantro,2
mahi mahi fillets,2
tilapia fillets,2
reynolds® parchment paper,2
pork shoulder roast,2
candied pecans,2
refrigerated pie crust,2
frozen cranberries,2
d'anjou pears,2
jellied cranberry sauce,2
dijon-style prepared mustard,2
scallions,2
raw sugar,2
sugar cookies,2
halved candied cherries,2
poblano pepper,2
pretzels,2
fresh flat-leaf parsley,2
green bell peppers,2
chicken legs,2
whole almonds,2
pineapple slice,2
provolone cheese,2
garlic cloves,2
cod,2
fresh green beans,2
canned figs,2
chicken meat,2
dark chocolate,2
chopped fresh mango,2
salmon fillets,2
fresh plums,2
iceberg lettuce,2
grated nutmeg,2
dried sage,2
double-crust pie pastry,2
red lentils,2
crushed garlic,2
fruit cocktail,2
chipotle chile powder,2
fruits,2
rum flavored extract,2
uncooked short-grain white rice,2
triple sec,2
yellow onion,2
aromatic bitters,1
saffron powder,1
prickly pears,1
151 proof rum,1
buckwheat honey,1
fresh shredded coconut,1
red candied cherries,1
"shredded, cooked chicken",1
whole kernel corn,1
whole-grain bread,1
beer,1
diced tomatoes with jalapeno peppers,1
pre-baked pizza crust,1
whole-wheat pastry flour,1
spearmint leaves,1
tart cherries,1
large limes,1
all-purpose baking mix,1
flounder fillets,1
bacon slices,1
white fish,1
hot vegetable broth,1
crystallized ginger,1
alfalfa sprouts,1
old-fashioned rolled oats,1
acini di pepe pasta,1
gluten-free all purpose baking flour,1
low sodium soy sauce,1
shredded unsweetened coconut,1
macapuno strings,1
serrano peppers,1
cottage cheese,1
pizza crust dough,1
dark cherries,1
honey mustard,1
tortilla chips,1
caramels,1
baby kale,1
frozen peaches,1
frozen pie crust,1
tart plums,1
frozen cherries,1
pomegranate vinegar,1
fresh green chile pepper,1
currant jelly,1
green maraschino cherries,1
chopped fresh strawberries,1
barbeque sauce,1
achiote powder,1
thyme leaves,1
serrano chiles,1
raw or roasted unsalted almonds,1
pods cardamom,1
chicken bouillon granules,1
quick oats,1
almond macaroon crumbs,1
colby-monterey jack cheese,1
vanilla wafer cookies,1
ripe kiwi,1
chocolate cookie crumbs,1
chili with beans,1
canned sweetened mango pulp,1
mexican crema,1
unsweetened coconut milk,1
baby cucumbers,1
ranch-style salad dressing,1
pastry for a 9-inch pie crust,1
cooked white rice,1
sour cherry preserves,1
italian seasoning,1
balsamic glaze,1
gruyere cheese,1
yellow food coloring,1
lemon peel,1
oat bran,1
black tea,1
butter lettuce,1
cola-flavored carbonated beverage,1
bay leaves,1
leafy salad green mix,1
instant hot chocolate mix,1
champagne vinegar,1
raspberry vinegar,1
ready-to-use refrigerated pie crust,1
whole smoked almonds,1
red raspberry jam,1
red hot chile peppers,1
portobello mushrooms,1
conference pears,1
pico de gallo salsa,1
fresh clingstone peaches,1
soft bread cubes,1
soft goat cheese,1
strawberry flavored gelatin,1
neufchatel cheese,1
cooked turkey liver,1
damask plums,1
coconut-flavored rum,1
cake compressed fresh yeast,1
almond breeze hint of honey almondmilk,1
lemon pepper seasoning,1
naval orange,1
thai chile pepper,1
"diced, cooked chicken meat",1
capers,1
pork spareribs,1
granular sucralose sweetener,1
tangy coconut and chili vindaloo sauce,1
mango puree,1
shredded american cheese,1
poblano peppers,1
pineapple tidbits,1
fresh baby spinach leaves,1
wooden toothpicks,1
crushed dried mint,1
regular rolled oats,1
green leaf lettuce,1
long-grain rice,1
brussels sprouts,1
stone-ground mustard,1
grated orange peel,1
meyer lemon zest,1
freshly grated ginger,1
japanese milk bread,1
mackerel fillets,1
dried sweet basil,1
lemon twist,1
pecan halves,1
fresh orange juice,1
thai green chiles,1
dried pitted prunes,1
vanilla bean ice cream,1
white chocolate chips,1
mixed spice,1
prepared sponge cake dessert cups,1
toasted slivered almonds,1
whipped heavy cream,1
chopped black walnuts,1
dried figs,1
mexican-style cheese blend,1
shredded tart apple,1
wheat bran,1
thai chile sauce,1
white peach,1
preserved ginger,1
cod fillets,1
southwest chipotle seasoning,1
semolina flour,1
quaker® oats,1
gold potatoes,1
bosc pears,1
sweet rice flour,1
pork loin chops,1
chicken wing sections,1
habanero hot sauce,1
deglet noor dates,1
chocolate sandwich cookies,1
red onions,1
sweet potatoes,1
golden delicious apples,1
mild cheddar cheese,1
half and half,1
mango cubes,1
brown sugar substitute,1
purple onion,1
sugar-free lime jell-o,1
fresh rosemary sprig,1
chocolate flavored protein powder,1
white rum,1
philadelphia cream cheese,1
raw cashews,1
refrigerated flaky biscuits,1
guava juice,1
lemongrass,1
coarse sparkling sugar,1
pecorino-romano cheese,1
whole head garlic,1
cardamom pods,1
toasted walnut pieces,1
crushed gingersnap cookies,1
freshly grated nutmeg,1
triple sec liqueur,1
fresh hot chile peppers,1
powdered gelatin,1
red grapes,1
multigrain bread,1
wooden craft sticks,1
orange extract,1
ground mahlab,1
beef skirt steak,1
wasabi paste,1
refrigerated buttermilk biscuit dough,1
sliced black olives,1
low-fat vanilla greek yogurt,1
pureed kiwi,1
benedictine liqueur,1
tart green apples,1
black sesame oil,1
mango hot sauce,1
olive oil cooking spray,1
fajita seasoning,1
chamoy sauce,1
hungarian paprika,1
herbed goat cheese,1
dry red wine,1
cannellini beans,1
sweet corn,1
russet potatoes,1
calimyrna figs,1
packed dried apricots,1
roasted garlic seasoning,1
cornflake crumbs,1
english toffee-flavored baking bits,1
black olive halves,1
friendship fruit starter,1
fruity white wine,1
fat-free plain yogurt,1
plain soy milk,1
frozen puff pastry shells,1
maca powder,1
catalina salad dressing,1
roasted red peppers,1
mexican vanilla extract,1
beef top sirloin,1
chicken soup base,1
smooth mustard,1
harissa,1
non-instant vanilla pudding mix,1
dried mixed fruit,1
ground coriander seed,1
horseradish,1
bean sprouts,1
white cake layers,1
avocado oil cooking spray,1
pear-flavored white balsamic vinegar,1
bread machine yeast,1
small dried mission figs,1
coconut flavoring,1
macintosh apples,1
palm sugar,1
orange roughy,1
grape juice,1
toasted sesame seeds,1
whole wheat pastry flour,1
cooked rice,1
corn kernels,1
broccoli florets,1
ciabatta rolls,1
cherry-flavored brandy,1
frozen bananas,1
whole chicken legs,1
whole peeled garlic cloves,1
baby back pork ribs,1
diced watermelon,1
moscato wine,1
almond breeze vanilla almondmilk,1
cake-flavored vodka,1
tomato and clam juice cocktail,1
mesquite smoked turkey breast,1
benedictine® liqueur,1
thai chiles,1
hoisin sauce,1
refrigerated prerolled pie crusts,1
chili garlic sauce,1
chocolate-flavored protein powder,1
chopped pistachio nuts,1
firm plums,1
brazil nuts,1
refrigerated crescent roll dough,1
salmon steaks,1
pork belly,1
wooden chopsticks,1
dry milk powder,1
chocolate confectioners' coating,1
quick-cooking tapioca,1
ice-cold water,1
habanero chiles,1
fresh pink grapefruit juice,1
chopped green chile peppers,1
ripe avocados,1
pomegranate molasses,1
coconut water,1
turkey stock,1
plum jam,1
havarti cheese,1
taco shells,1
strong coffee,1
duck sauce,1
dark corn syrup,1
pork loin roast,1
shortcrust pastry crust,1
maple extract,1
sweet and spicy seafood rub,1
jicama,1
lemon-pepper seasoning,1
gluten-free baking powder,1
large sea scallops,1
chicken breast meat,1
round brie cheese,1
refrigerated sliceable sugar cookies,1
strawberry puree,1
dried guajillo chiles,1
black plums,1
white tequila,1
persimmon flesh,1
blueberry juice,1
water chestnuts,1
maraschino cherry juice,1
unsweetened baking chocolate,1
farina,1
orange pekoe tea,1
apple pie spice,1
cherry extract,1
sweet red onion,1
spring lettuce mix,1
envelope active dry yeast,1
toasted wheat germ,1
large shrimp,1
honeycrisp apples,1
diced fresh strawberries,1
freekeh,1
reduced-fat mayonnaise,1
orange-peach-mango juice,1
golden syrup,1
mini chocolate chips,1
dry sherry,1
panko bread crumbs,1
white beans,1
german chocolate cake mix,1
creme de cassis liqueur,1
cakes cake yeast,1
orzo pasta,1
lukewarm milk,1
cooked brown rice,1
liquid smoke flavoring,1
chicken wings,1
golden brown sugar,1
red pear,1
fresh sea bass,1
sliced bamboo shoots,1
saltine crackers,1
clarified butter,1
balsamic vinaigrette,1
baked pastry shell,1
angel food cake mix,1
madras curry powder,1
frozen sliced peaches,1
chickpeas,1
butter-flavored shortening,1
corn muffin mix,1
russian-style salad dressing,1
chile-lime seasoning,1
chuck roast,1
slices day-old bread,1
gluten-free flour mix,1
sherry wine,1
all purpose flour,1
tonic water,1
nori seaweed sheets,1
fresh thyme sprigs,1
melissa leaves,1
frozen orange juice concentrate,1
lemon flavored jell-o® mix,1
whole boneless pork loin,1
crushed cornflakes cereal,1
ground ancho chile powder,1
low-fat plain yogurt,1
oatmeal,1
raisin paste,1
date paste,1
lemon cake mix,1
sugar cube,1
chicken breast tenderloins,1
dole® crushed pineapple,1
mustard seed,1
applewood-smoked bacon,1
marsala,1
italian seasoned bread crumbs,1
serrano chile peppers,1
beef bouillon powder,1
banana peppers,1
chinese dark soy sauce,1
raw macadamia nuts,1
carrot strips,1
sweet pickles,1
sweetened coconut milk,1
whole turkey,1
frozen chopped spinach,1
guacamole,1
original bisquick® mix,1
mini semisweet chocolate chips,1
amaretto liqueur,1
hot italian sausage,1
unsweetened crushed pineapple,1
arborio rice,1
strawberry preserves,1
fruit jelly,1
valencia oranges,1
unbaked single pie crust,1
ground thyme,1
frozen pepper and onion stir fry mix,1
eggplant,1
blue curacao liqueur,1
chopped cooked chicken,1
persimmon puree,1
candied mixed citrus peel,1
cooked shrimp,1
agave syrup,1
vinaigrette salad dressing,1
sunflower seed oil,1
cranberry-pomegranate juice,1
prepared pie dough,1
raspberry-flavored liqueur,1
medium raw shrimp,1
teriyaki sauce,1
red maraschino cherries,1
crushed graham crackers,1
fresh lemon zest,1
pear halves,1
cherry jell-o,1
ground cayenne pepper,1
smoked paprika,1
limeade concentrate,1
mild italian sausage,1
cornish game hens,1
coarse granulated sugar,1
dry couscous,1
unripe papaya,1
orange-flavored vodka,1
corn oil,1
dried chile de arbol pepper,1
miniature colored marshmallows,1
ground dried chile pepper,1
seasonal berries,1
creamy peanut butter,1
celery ribs,1
sriracha hot chili sauce,1
lemon wedges,1
shortbread cookie crumbs,1
dole® pineapple slices,1
frozen whole ham,1
reduced-fat frozen whipped topping,1
seasoned diced tomatoes,1
toasted almonds,1
fresh bread crumbs,1
lamb shoulder blade chops,1
clementine oranges,1
penne pasta,1
bing cherries,1
navel orange,1
seasoned salt,1
pork tenderloins,1
toasted sliced almonds,1
dry onion soup mix,1
tart shells,1
cooked bacon,1
glace cherries,1
chicken drumsticks,1
nondairy whipped topping,1
dried tarragon,1
mexican seasoning,1
crusty bread,1
round angel food cake,1
orange slice,1
shredded suet,1
piloncillo,1
orange-fleshed sweet potato,1
sashimi grade tuna steak,1
shaoxing cooking wine,1
pickled jalapeno peppers,1
roasted and salted almonds,1
vinaigrette dressing,1
fine salt,1
fresh lemon or lime juice,1
dark rum,1
passion fruits,1
nonfat lemon yogurt,1
uncooked glutinous white rice,1
bay shrimp,1
frozen puff pastry sheets,1
diced green chiles,1
round steak,1
roma tomatoes,1
chinese five-spice powder,1
chopped peanuts,1
malt vinegar,1
sugar-free cherry-flavored gelatin mix,1
pork butt,1
fresh parsley leaves,1
"skinless, boneless chicken breast half",1
bone-in chicken pieces,1
crushed walnuts,1
hot english mustard,1
unsweetened applesauce,1
dried shrimp,1
grated zucchini,1
flaked salt,1
toasted oat cereal,1
skin-on salmon fillets,1
country-style pork ribs,1
honey-flavored goat cheese,1
canned mandarin oranges,1
hachiya persimmons,1
bittersweet chocolate chips,1
japanese sushi rice,1
unpopped popcorn,1
pitted fresh dates,1
dark chocolate chips,1
canola cooking spray,1
diced avocado,1
vanilla soy milk,1
white granulated sugar,1
fresh prune plums,1
brown rice syrup,1
ground turkey sausage,1
custard powder,1
ground fennel seed,1
flax seed meal,1
skewers,1
all-purpose apples,1
ground pork,1
chopped blanched almonds,1
shiraz,1
mini marshmallows,1
bone-in center loin pork chops,1
english cucumber,1
montchevre® honey goat cheese,1
rice wine vinegar,1
sazon seasoning with achiote,1
canned sweetened condensed milk,1
whole grain bread,1
fresh mozzarella cheese,1
meyer lemon juice,1
light rum,1
safflower oil,1
red curry paste,1
semisweet baking chocolate,1
orange marmalade,1
turkey bacon,1
oyster sauce,1
lobster tails,1
ground cherries,1
sweet onions,1
reduced-sodium soy sauce,1
medium limes,1
greek-style yogurt,1
instant espresso powder,1
rye whiskey,1
baking cocoa,1
sweetened flake coconut,1
wide egg noodles,1
persimmon skin,1
butterscotch chips,1
minute tapioca,1
cranberry juice,1
hot fudge topping,1
chopped hazelnuts,1
coarsely ground black pepper,1
pickled ginger,1
jonagold apple,1
coleslaw mix,1
preserved stem ginger in syrup,1
chicken tenders,1
cranberry vinaigrette,1
canned peaches,1
roasted noodles,1
spring mix,1
low-fat milk,1
liquid stevia,1
tahini,1
mixed field greens,1
black sesame seeds,1
dijon-style mustard,1
mango nectar,1
stewed prunes,1
unsalted shelled pistachios,1
ground chipotle pepper,1
rhubarb,1
frozen peach slices,1
vanilla whey protein powder,1
apple pie filling,1
fresh oregano leaves,1
spanish onion,1
pickling spice,1
chardonnay wine,1
marinara sauce,1
green salsa,1
vegetable bouillon,1
freshly ground cardamom,1
orange bell pepper,1
fresh thai or serrano chile,1
minced garlic cloves,1
swiss chard,1
damson plums,0
orange flavored jell-o mix,0
unsalted dry-roasted peanuts,0
jell-o mix,0
lacinato kale,0
rosa marina pasta,0
reynolds parchment paper,0
precooked focaccia flatbread,0
reynolds wrap aluminum foil,0
clear plastic cups,0
A,0
N,0
