,ingredient
0,persimmons
1,frozen orange juice concentrate
2,refrigerated flaky biscuits
3,packed brown sugar
4,orange peel
5,raw cashews
6,white rum
7,chocolate flavored protein powder
8,lids
9,fresh rosemary sprig
10,brown sugar substitute
11,nori
12,light brown sugar
13,half and half
14,golden delicious apples
15,sweet potatoes
16,serrano chile
17,red onions
18,crumbled goat cheese
19,sugar-free lime jell-o
20,multigrain bread
21,cabbage
22,refrigerated buttermilk biscuit dough
23,ground mahlab
24,vodka
25,orange extract
26,wooden craft sticks
27,instant vanilla pudding
28,whole head garlic
29,toasted walnut pieces
30,cardamom pods
31,fruit cocktail
32,fuyu persimmon
33,roma tomato
34,crushed garlic
35,salmon
36,aged balsamic vinegar
37,grated nutmeg
38,corn
39,jalapeno pepper
40,iceberg lettuce
41,chopped onion
42,dried currants
43,chicken wing sections
44,puff pastry
45,oil
46,turbinado sugar
47,vanilla bean ice cream
48,thai green chiles
49,fresh orange juice
50,tart apples
51,yellow mustard
52,whole cloves
53,mackerel fillets
54,watermelon rind
55,damson plums
56,brussels sprouts
57,orange
58,"boneless, skinless chicken breast halves"
59,limes
60,lemon pepper
61,long-grain rice
62,cloves garlic
63,A
64,cherries
65,sweet rice flour
66,crushed ice
67,fresh spinach leaves
68,bosc pears
69,shredded carrots
70,egg whites
71,gold potatoes
72,whipped heavy cream
73,thai chile sauce
74,hazelnuts
75,fresh thyme
76,wheat bran
77,shredded tart apple
78,dried figs
79,vanilla extract
80,tilapia fillets
81,hot chile paste
82,crackers
83,diced watermelon
84,whole peeled garlic cloves
85,frozen bananas
86,cherry-flavored brandy
87,seasoned bread crumbs
88,ciabatta rolls
89,italian prune plums
90,cooked rice
91,kiwi
92,red pepper flakes
93,whole wheat pastry flour
94,sweet cherries
95,butternut squash
96,seedless raspberry jam
97,grape juice
98,sliced fresh strawberries
99,sweetened flaked coconut
100,ice water
101,sweet onion
102,firm plums
103,dry milk powder
104,eggs
105,lime zest
106,brazil nuts
107,chocolate-flavored protein powder
108,thai chiles
109,swiss cheese
110,mesquite smoked turkey breast
111,fresh garlic
112,small dried mission figs
113,large banana
114,chili powder
115,bosc pear
116,fresh lime juice
117,calimyrna figs
118,shrimp
119,taco seasoning mix
120,unsweetened pineapple juice
121,cannellini beans
122,dry red wine
123,seedless grapes
124,chocolate chips
125,sugar substitute
126,green grapes
127,refrigerated pie crust
128,herbed goat cheese
129,dried cranberries
130,hungarian paprika
131,superfine sugar
132,mission figs
133,chamoy sauce
134,fajita seasoning
135,sesame seeds
136,mango hot sauce
137,black sesame oil
138,cherry pie filling
139,friendship fruit starter
140,green chile pepper
141,fruity white wine
142,chicken meat
143,watermelon
144,wooden toothpicks
145,lettuce
146,harissa
147,avocado oil cooking spray
148,white cake layers
149,extra-virgin olive oil
150,ground coriander seed
151,cornstarch
152,dried mixed fruit
153,ground cloves
154,non-instant vanilla pudding mix
155,canned figs
156,smooth mustard
157,ginger
158,plain soy milk
159,mexican vanilla extract
160,dried mission figs
161,mayonnaise
162,whole milk
163,maca powder
164,frozen puff pastry shells
165,cream of coconut
166,fresh baby spinach leaves
167,whole-grain bread
168,prickly pears
169,chopped fresh parsley
170,jellied cranberry sauce
171,pineapple chunks
172,"shredded, cooked chicken"
173,aromatic bitters
174,white onion
175,chicken legs
176,fresh flat-leaf parsley
177,large pear
178,low sodium soy sauce
179,old-fashioned rolled oats
180,mashed banana
181,nectarines
182,spearmint leaves
183,flounder fillets
184,chicken pieces
185,large onion
186,pomegranate
187,frozen blueberries
188,alfalfa sprouts
189,gluten-free all purpose baking flour
190,all-purpose baking mix
191,double crust ready-to-use pie crust
192,precooked focaccia flatbread
193,vegetable broth
194,cottage cheese
195,shredded sharp cheddar cheese
196,dark cherries
197,butter
198,baby kale
199,frozen peaches
200,mahi mahi fillets
201,heavy cream
202,baby spinach
203,sweetened dried cranberries
204,low-sodium chicken broth
205,diced tomatoes with jalapeno peppers
206,red candied cherries
207,sliced peaches
208,chamoy
209,whole-wheat pastry flour
210,tart plums
211,mixed salad greens
212,quick cooking oats
213,bay leaves
214,dry mustard powder
215,liquid pectin
216,soft goat cheese
217,candied mixed fruit peel
218,fresh clingstone peaches
219,dried apricots
220,grated ginger
221,prepared mustard
222,ketchup
223,granny smith apples
224,conference pears
225,red hot chile peppers
226,leafy salad green mix
227,red raspberry jam
228,italian plums
229,cranberries
230,tapioca
231,ready-to-use refrigerated pie crust
232,toothpicks
233,lemon-lime flavored carbonated beverage
234,shallot
235,champagne vinegar
236,powdered fruit pectin
237,egg yolks
238,cold milk
239,confectioners' sugar
240,reynolds® parchment paper
241,ground black pepper
242,fresh chives
243,maraschino cherries
244,hot chili sauce
245,orange blossom water
246,egg
247,pineapple tidbits
248,poblano peppers
249,brown sugar
250,arugula
251,shredded american cheese
252,spinach leaves
253,apple cider vinegar
254,mango puree
255,light corn syrup
256,reynolds wrap aluminum foil
257,chopped dates
258,cinnamon sugar
259,whole wheat bread
260,tangy coconut and chili vindaloo sauce
261,capers
262,white wine
263,whiskey
264,thai chile pepper
265,naval orange
266,basil
267,cilantro leaves
268,almond breeze hint of honey almondmilk
269,cola-flavored carbonated beverage
270,chili with beans
271,butter lettuce
272,candied pecans
273,pods cardamom
274,green bell pepper
275,ripe persimmons
276,unsweetened flaked coconut
277,serrano chiles
278,toasted walnuts
279,rum flavored extract
280,green onion
281,fruits
282,salmon fillets
283,chopped fresh mango
284,barbeque sauce
285,chopped fresh strawberries
286,green maraschino cherries
287,currant jelly
288,ripe kiwi
289,margarine
290,chocolate cookie crumbs
291,italian seasoning
292,ale
293,dry mustard
294,pineapple slice
295,slivered almonds
296,dried thyme
297,lemon peel
298,gruyere cheese
299,balsamic glaze
300,minced onion
301,sour cherry preserves
302,canned sweetened mango pulp
303,pastry for a 9-inch pie crust
304,ranch-style salad dressing
305,cardamom
306,potatoes
307,baby cucumbers
308,green bell peppers
309,mexican crema
310,habanero chiles
311,flour tortillas
312,double-crust pie pastry
313,gin
314,grated zucchini
315,ground ginger
316,chicken stock
317,avocados
318,parsley
319,unsweetened applesauce
320,sour cherries
321,diced mango
322,frozen cranberries
323,hot english mustard
324,rolled oats
325,crushed walnuts
326,garlic cloves
327,goat cheese
328,cod
329,pastry flour
330,chopped dried apricots
331,dark chocolate
332,chicken thighs
333,pork butt
334,orange liqueur
335,apple juice
336,ground nutmeg
337,chopped peanuts
338,round steak
339,halved candied cherries
340,ground fennel seed
341,ground turkey sausage
342,brown rice syrup
343,lemon zest
344,lime
345,vanilla soy milk
346,honey-flavored goat cheese
347,almond flour
348,fresh plums
349,pitted fresh dates
350,unpopped popcorn
351,japanese sushi rice
352,hachiya persimmons
353,green apples
354,uncooked glutinous white rice
355,glace cherries
356,cooked bacon
357,penne pasta
358,lemon
359,lamb shoulder blade chops
360,chicken broth
361,toasted almonds
362,tablespoon olive oil
363,roasted peanuts
364,reduced-fat frozen whipped topping
365,frozen whole ham
366,red onion
367,mandarin orange segments
368,vanilla bean
369,chicken drumsticks
370,orange zest
371,nondairy whipped topping
372,blue cheese
373,olive oil
374,unflavored gelatin
375,agave nectar
376,dried tarragon
377,salted butter
378,pear
379,pickled jalapeno peppers
380,nonfat lemon yogurt
381,chicken breast
382,vanilla
383,pitted cherries
384,mango
385,coconut
386,passion fruits
387,active dry yeast
388,white cake mix
389,dark rum
390,milk chocolate
391,fresh mango
392,habanero pepper
393,kidney beans
394,cream
395,burrata cheese
396,fresh lemon or lime juice
397,sea salt
398,vinaigrette dressing
399,mexican seasoning
400,vanilla ice cream
401,cashews
402,sashimi grade tuna steak
403,chili sauce
404,orange-fleshed sweet potato
405,boneless leg of lamb
406,red food coloring
407,whole grain bread
408,dried basil
409,vanilla whey protein powder
410,grapeseed oil
411,cranberry vinaigrette
412,coconut milk
413,mixed field greens
414,simple syrup
415,liquid stevia
416,low-fat milk
417,roasted noodles
418,dried cilantro
419,pitted sour cherries
420,crumbled feta cheese
421,habanero peppers
422,chicken tenders
423,cream of tartar
424,apple pie filling
425,water
426,pistachios
427,unbaked pie crust
428,rosa marina pasta
429,vegetable bouillon
430,minced garlic cloves
431,spanish onion
432,fresh thai or serrano chile
433,pickling spice
434,toasted pine nuts
435,preserved stem ginger in syrup
436,spinach
437,fresh basil leaves
438,coleslaw mix
439,orange marmalade
440,pumpkin seeds
441,safflower oil
442,chipotle chile powder
443,apricots
444,meyer lemon juice
445,ground cardamom
446,scallions
447,pretzels
448,ground cumin
449,blueberries
450,d'anjou pears
451,ground pork
452,frozen strawberries
453,whole almonds
454,rice wine vinegar
455,mint
456,bone-in center loin pork chops
457,onions
458,ground white pepper
459,mini marshmallows
460,shiraz
461,lobster tails
462,ground cherries
463,powdered sugar
464,papayas
465,coarsely ground black pepper
466,cinnamon stick
467,chopped hazelnuts
468,cold water
469,cranberry juice
470,teaspoon cayenne pepper
471,minute tapioca
472,butterscotch chips
473,tomato
474,pecans
475,wide egg noodles
476,sweetened flake coconut
477,greek-style yogurt
478,ice cream
479,soy sauce
480,raw sugar
481,almonds
482,uncooked short-grain white rice
483,mangos
484,fresh blueberries
485,coconut extract
486,candied cherries
487,cumin
488,bacon
489,cakes cake yeast
490,saffron threads
491,creme de cassis liqueur
492,german chocolate cake mix
493,red wine vinegar
494,orange-peach-mango juice
495,graham crackers
496,reduced-fat mayonnaise
497,basil leaves
498,ground coriander
499,sugar
500,smoked almonds
501,mangoes
502,half-and-half cream
503,white beans
504,golden brown sugar
505,chile-lime seasoning
506,russian-style salad dressing
507,butter-flavored shortening
508,pitted dates
509,black beans
510,clarified butter
511,saltine crackers
512,white balsamic vinegar
513,red pear
514,ripe nectarine
515,jicama
516,potato
517,sweet and spicy seafood rub
518,maple extract
519,shortcrust pastry crust
520,dark corn syrup
521,strong coffee
522,pinto beans
523,taco shells
524,coconut water
525,gluten-free baking powder
526,pumpkin pie spice
527,large sea scallops
528,chicken breast meat
529,quick-cooking oats
530,maraschino cherry juice
531,sweet red onion
532,farina
533,cup white vinegar
534,light olive oil
535,unsweetened baking chocolate
536,chopped walnuts
537,sifted confectioners' sugar
538,diced cucumber
539,round brie cheese
540,fresh cilantro
541,persimmon flesh
542,black plums
543,macadamia nuts
544,strawberry puree
545,pork shoulder roast
546,sherry wine
547,fresh pink grapefruit juice
548,red maraschino cherries
549,teriyaki sauce
550,small onion
551,raspberry-flavored liqueur
552,agave syrup
553,cilantro
554,persimmon puree
555,tarragon
556,half-pint canning jars
557,eggplant
558,frozen pepper and onion stir fry mix
559,pine nuts
560,walnut oil
561,pomegranates
562,cinnamon sticks
563,hot water
564,fresh blackberries
565,club soda
566,fresh lemon zest
567,celery ribs
568,bartlett pears
569,creamy peanut butter
570,seasonal berries
571,ripe banana
572,mochiko
573,miniature colored marshmallows
574,corn chips
575,pineapple juice
576,fresh mint
577,unripe papaya
578,baby spinach leaves
579,pectin
580,cherry jell-o
581,dry couscous
582,pumpkin puree
583,cornish game hens
584,quinoa
585,mild italian sausage
586,N
587,oregano
588,pear halves
589,dried sage
590,red lentils
591,valencia oranges
592,apricot preserves
593,ground turmeric
594,mustard seed
595,corn tortillas
596,dole® crushed pineapple
597,chopped pecans
598,chicken breast tenderloins
599,triple sec
600,sugar cube
601,black pepper
602,date paste
603,raisin paste
604,low-fat plain yogurt
605,ground ancho chile powder
606,sugar cookies
607,crushed cornflakes cereal
608,poblano pepper
609,cayenne pepper
610,prunes
611,whole boneless pork loin
612,shredded mozzarella cheese
613,fresh peach
614,fresh thyme sprigs
615,hot pepper sauce
616,italian seasoned bread crumbs
617,provolone cheese
618,fresh green beans
619,guacamole
620,pomegranate juice
621,sweetened condensed milk
622,basmati rice
623,strawberry preserves
624,arborio rice
625,amaretto liqueur
626,mini semisweet chocolate chips
627,original bisquick® mix
628,dijon-style prepared mustard
629,sweetened coconut milk
630,sweet pickles
631,coconut oil
632,yellow onion
633,raw macadamia nuts
634,chinese dark soy sauce
635,malt vinegar
636,rum
637,fresh parsley
638,coriander
639,fresh rosemary
640,frozen cherries
641,kosher salt
642,cake mix
643,banana peppers
644,dried rosemary
645,avocado
646,ripe tomato
647,carrot strips
648,tuna steaks
649,medium carrot
650,whole turkey
651,almond milk
652,beef bouillon powder
653,frozen chopped spinach
654,zucchini
655,butter or margarine
656,white sugar
657,hot italian sausage
658,unsweetened crushed pineapple
659,halloumi cheese
660,mustard powder
661,seedless watermelon
662,cream cheese
663,serrano chile peppers
664,fish sauce
665,vanilla sugar
666,marsala
667,boneless chicken thighs
668,melissa leaves
669,fresh oregano leaves
670,lemon flavored jell-o® mix
671,skinless
672,hachiya persimmon pulp
673,apple cider
674,fresh figs
675,teaspoons ground ginger
676,maple syrup
677,oatmeal
678,pork tenderloin
679,white vinegar
680,lemon cake mix
681,peanuts
682,fresh mint leaves
683,fresh mozzarella
684,jar
685,sour cream
686,applewood-smoked bacon
687,fruit jelly
688,semisweet chocolate chips
689,chipotle peppers in adobo sauce
690,monterey jack cheese
691,unbaked single pie crust
692,lemon wedge
693,ground cayenne pepper
694,walnuts
695,smoked paprika
696,limeade concentrate
697,distilled white vinegar
698,sweet paprika
699,orange-flavored liqueur
700,fresh cracked pepper
701,coarse granulated sugar
702,dry pectin
703,brie cheese
704,vanilla yogurt
705,reynolds parchment paper
706,corn oil
707,dried chile de arbol pepper
708,peach schnapps
709,frozen mango chunks
710,figs
711,ground dried chile pepper
712,apples
713,freshly ground black pepper
714,ice
715,orange-flavored vodka
716,teaspoon olive oil
717,vinaigrette salad dressing
718,crushed graham crackers
719,self-rising flour
720,buttery round crackers
721,baking mix
722,blue curacao liqueur
723,chopped cooked chicken
724,medium shrimp
725,candied mixed citrus peel
726,cooked shrimp
727,ground thyme
728,vanilla wafers
729,sunflower seed oil
730,cranberry-pomegranate juice
731,prepared pie dough
732,soy milk
733,medium raw shrimp
734,bay leaf
735,bitters
736,nori seaweed sheets
737,all purpose flour
738,jar apricot preserves
739,"skinless, boneless chicken breast halves"
740,refrigerated sliceable sugar cookies
741,baking powder
742,rings
743,dried guajillo chiles
744,aluminum foil
745,white tequila
746,maraschino cherry
747,blueberry juice
748,melted butter
749,water chestnuts
750,applesauce
751,cucumber
752,yellow cake mix
753,pineapple rings
754,orange pekoe tea
755,apple pie spice
756,cherry extract
757,fresh ginger root
758,spring lettuce mix
759,kale
760,reduced-fat cream cheese
761,sweetened shredded coconut
762,canning jars
763,plain yogurt
764,chopped green chile peppers
765,ripe avocados
766,pomegranate molasses
767,candied mixed fruit
768,turkey stock
769,plum jam
770,havarti cheese
771,fresh cherries
772,black olives
773,milk
774,duck sauce
775,flour
776,pork loin roast
777,ground beef
778,low-fat vanilla yogurt
779,raspberry jam
780,fresh raspberries
781,lemon-pepper seasoning
782,envelope active dry yeast
783,chopped mango
784,toasted wheat germ
785,large shrimp
786,finely chopped almonds
787,sliced bamboo shoots
788,cake flour
789,espresso
790,balsamic vinaigrette
791,baked pastry shell
792,angel food cake mix
793,madras curry powder
794,fresh sea bass
795,frozen sliced peaches
796,dark soy sauce
797,corn muffin mix
798,garlic salt
799,mint leaves
800,chuck roast
801,slices day-old bread
802,gluten-free flour mix
803,chickpeas
804,oranges
805,lean ground beef
806,pie shell
807,chicken wings
808,diced fresh strawberries
809,freekeh
810,apple
811,unbleached all-purpose flour
812,golden syrup
813,mini chocolate chips
814,dry sherry
815,honeycrisp apples
816,panko bread crumbs
817,cooking spray
818,prosciutto
819,ripe fuyu persimmons
820,orzo pasta
821,cocoa powder
822,lukewarm milk
823,cooked brown rice
824,lemon wedges
825,sriracha hot chili sauce
826,red apple
827,tonic water
828,shortbread cookie crumbs
829,round angel food cake
830,reduced-sodium soy sauce
831,medium limes
832,pistachio nuts
833,instant espresso powder
834,rye whiskey
835,baking cocoa
836,apricot halves
837,heavy whipping cream
838,persimmon skin
839,oats
840,buttermilk
841,grated orange zest
842,hot fudge topping
843,whole-milk ricotta cheese
844,boneless pork chops
845,pickled ginger
846,jonagold apple
847,sweet onions
848,thyme
849,worcestershire sauce
850,oyster sauce
851,chopped blanched almonds
852,crushed tomatoes
853,salmon fillet
854,ground cinnamon
855,english cucumber
856,montchevre® honey goat cheese
857,fresh ginger
858,sazon seasoning with achiote
859,couscous
860,fresh basil
861,tart red cherries
862,fresh apricots
863,canned sweetened condensed milk
864,fresh mozzarella cheese
865,lemon-lime soda
866,blackberries
867,light rum
868,refried beans
869,fresh cranberries
870,red curry paste
871,mixed baby greens
872,semisweet baking chocolate
873,raspberries
874,turkey bacon
875,blanched slivered almonds
876,walnut pieces
877,canned peaches
878,french bread
879,dry white wine
880,chardonnay wine
881,orange bell pepper
882,medjool dates
883,peanut butter
884,swiss chard
885,chopped celery
886,freshly ground cardamom
887,cooked chicken breast
888,green salsa
889,marinara sauce
890,grated parmesan cheese
891,white rice
892,dijon-style mustard
893,peach
894,gorgonzola cheese
895,unsweetened cocoa powder
896,vinegar
897,spring mix
898,watermelon chunks
899,poppy seeds
900,tahini
901,cherry tomatoes
902,grape tomatoes
903,cantaloupe
904,black sesame seeds
905,mango nectar
906,stewed prunes
907,unsalted shelled pistachios
908,ground chipotle pepper
909,rhubarb
910,strawberries
911,frozen peach slices
912,black plum
913,heirloom tomatoes
914,all-purpose apples
915,dole® pineapple slices
916,jasmine rice
917,sesame oil
918,flax seed meal
919,crusty bread
920,skewers
921,orange slice
922,shredded suet
923,piloncillo
924,seeded watermelon
925,kiwis
926,chopped spinach
927,shaoxing cooking wine
928,roasted and salted almonds
929,bananas
930,fine salt
931,shortening
932,fruit pectin
933,parmesan cheese
934,graham cracker crust
935,ripe bananas
936,strawberry flavored jell-o
937,boneless chicken
938,bourbon whiskey
939,red pepper
940,kiwifruit
941,ground mustard
942,dried oregano
943,seasoned diced tomatoes
944,arugula leaves
945,fresh bread crumbs
946,green beans
947,clementine oranges
948,large eggs
949,bing cherries
950,navel orange
951,seasoned salt
952,pork tenderloins
953,toasted sliced almonds
954,dry onion soup mix
955,tart shells
956,beef broth
957,toasted pecans
958,lime juice
959,bay shrimp
960,frozen puff pastry sheets
961,wheat flour
962,country-style pork ribs
963,canned mandarin oranges
964,fresh strawberries
965,bittersweet chocolate chips
966,evaporated milk
967,tomatillos
968,dark brown sugar
969,crumbled blue cheese
970,dark chocolate chips
971,skim milk
972,canola cooking spray
973,red bell pepper
974,white granulated sugar
975,fresh prune plums
976,feta cheese
977,imitation crabmeat
978,custard powder
979,plums
980,diced avocado
981,all-purpose flour
982,skin-on salmon fillets
983,"skinless, boneless chicken breast half"
984,toasted oat cereal
985,italian bread
986,roma tomatoes
987,chinese five-spice powder
988,balsamic vinegar
989,ice-cold water
990,sugar-free cherry-flavored gelatin mix
991,jell-o mix
992,persimmon pulp
993,boneless pork loin
994,chopped pitted dates
995,packages cream cheese
996,diced green chiles
997,fresh parsley leaves
998,bone-in chicken pieces
999,allspice
1000,miniature marshmallows
1001,granny smith apple
1002,orange juice
1003,dried shrimp
1004,wheat germ
1005,flaked salt
1006,cherry preserves
1007,liquid smoke flavoring
1008,vegetable oil
1009,fat-free plain yogurt
1010,quick-cooking tapioca
1011,pie crust pastry
1012,unsweetened coconut milk
1013,gelatin
1014,unsweetened apple juice
1015,flaked coconut
1016,carrot
1017,cooked white rice
1018,instant vanilla pudding mix
1019,garlic powder
1020,apricot jam
1021,chicken breast halves
1022,yellow food coloring
1023,apricot brandy
1024,chicken bouillon
1025,oat bran
1026,black tea
1027,chili-lime seasoning
1028,milk chocolate chips
1029,raw or roasted unsalted almonds
1030,whipped cream
1031,yellow bell pepper
1032,rosemary
1033,pie crust
1034,saffron
1035,achiote powder
1036,grated lemon zest
1037,thyme leaves
1038,black mission figs
1039,oil for frying
1040,ricotta cheese
1041,fresh green chile pepper
1042,tart apple
1043,salsa
1044,pineapple
1045,rice vinegar
1046,chicken bouillon granules
1047,quick oats
1048,almond macaroon crumbs
1049,colby-monterey jack cheese
1050,vanilla wafer cookies
1051,ripe mangoes
1052,champagne
1053,raisins
1054,damask plums
1055,cake compressed fresh yeast
1056,tequila
1057,lemon pepper seasoning
1058,salt
1059,nectarine
1060,unsalted butter
1061,"diced, cooked chicken meat"
1062,coconut-flavored rum
1063,lemon extract
1064,granular sucralose sweetener
1065,hot sauce
1066,french baguette
1067,clear plastic cups
1068,minced garlic
1069,onion powder
1070,minced fresh ginger root
1071,white wine vinegar
1072,pork spareribs
1073,fine sea salt
1074,cooked turkey liver
1075,portobello mushrooms
1076,neufchatel cheese
1077,cinnamon
1078,almond extract
1079,smoked salmon
1080,seasoned rice vinegar
1081,raspberry vinegar
1082,golden raisins
1083,fresh peaches
1084,ginger root
1085,whole smoked almonds
1086,ripe mango
1087,cucumbers
1088,sunflower seeds
1089,honeydew melon
1090,pico de gallo salsa
1091,nonstick cooking spray
1092,soft bread cubes
1093,diced tomatoes
1094,strawberry flavored gelatin
1095,teaspoon salt
1096,sliced almonds
1097,pomegranate vinegar
1098,dried cherries
1099,carrots
1100,lacinato kale
1101,whole kernel corn
1102,apricot
1103,ripe persimmon
1104,151 proof rum
1105,dijon mustard
1106,saffron powder
1107,egg white
1108,beer
1109,clove garlic
1110,large limes
1111,golden delicious apple
1112,bread crumbs
1113,honey
1114,tart cherries
1115,currants
1116,mashed bananas
1117,pizza crust dough
1118,extra virgin olive oil
1119,ripe avocado
1120,serrano peppers
1121,large egg
1122,shredded unsweetened coconut
1123,unsweetened shredded coconut
1124,baking soda
1125,acini di pepe pasta
1126,mixed fruit
1127,crystallized ginger
1128,hot vegetable broth
1129,white fish
1130,grenadine syrup
1131,bacon slices
1132,crushed pineapple
1133,tortilla chips
1134,lemons
1135,crispy rice cereal
1136,brandy
1137,honey mustard
1138,caramels
1139,fresh lemon juice
1140,frozen pie crust
1141,macapuno strings
1142,buckwheat honey
1143,sliced peaches in heavy syrup
1144,pre-baked pizza crust
1145,red plums
1146,nutmeg
1147,chia seeds
1148,coarse salt
1149,warm water
1150,fresh shredded coconut
1151,bread flour
1152,instant hot chocolate mix
1153,crushed dried mint
1154,benedictine liqueur
1155,ground almonds
1156,baby greens
1157,catalina salad dressing
1158,roasted red peppers
1159,shallots
1160,beef top sirloin
1161,chicken soup base
1162,tomatoes
1163,sage
1164,long-grain white rice
1165,pastry
1166,kiwi fruit
1167,yogurt
1168,horseradish
1169,bean sprouts
1170,smoked turkey breast
1171,old-fashioned oats
1172,frozen whipped topping
1173,celery
1174,ice cubes
1175,seedless green grapes
1176,whipped topping
1177,whole wheat flour
1178,lemon juice
1179,olive oil cooking spray
1180,graham cracker crumbs
1181,pork loin
1182,molasses
1183,green onions
1184,jalapeno peppers
1185,white pepper
1186,crushed red pepper flakes
1187,pepper
1188,sweet corn
1189,russet potatoes
1190,sliced strawberries
1191,packed dried apricots
1192,roasted garlic seasoning
1193,cornflake crumbs
1194,english toffee-flavored baking bits
1195,black olive halves
1196,pear-flavored white balsamic vinegar
1197,bread machine yeast
1198,ham
1199,cake-flavored vodka
1200,corn syrup
1201,pie crusts
1202,benedictine® liqueur
1203,shredded cabbage
1204,chopped almonds
1205,hoisin sauce
1206,refrigerated prerolled pie crusts
1207,chili garlic sauce
1208,pork chops
1209,tomato and clam juice cocktail
1210,chopped pistachio nuts
1211,frozen puff pastry
1212,refrigerated crescent roll dough
1213,salmon steaks
1214,pork belly
1215,wooden chopsticks
1216,unbaked pie shell
1217,chocolate confectioners' coating
1218,tomato sauce
1219,almond breeze vanilla almondmilk
1220,broccoli florets
1221,moscato wine
1222,macintosh apples
1223,palm sugar
1224,orange roughy
1225,fresh oregano
1226,fuyu persimmons
1227,paprika
1228,toasted sesame seeds
1229,pomegranate seeds
1230,hachiya persimmon
1231,coconut flavoring
1232,corn kernels
1233,banana
1234,food coloring
1235,jell-o
1236,sherry
1237,whole chicken legs
1238,cold butter
1239,baby back pork ribs
1240,grapes
1241,dried parsley
1242,tart green apples
1243,pureed kiwi
1244,regular rolled oats
1245,unsalted dry-roasted peanuts
1246,low-fat vanilla greek yogurt
1247,orange flavored jell-o mix
1248,pears
1249,chopped black walnuts
1250,cracked black pepper
1251,mexican-style cheese blend
1252,medium papaya
1253,red wine
1254,curry powder
1255,ground allspice
1256,white peach
1257,dry bread crumbs
1258,preserved ginger
1259,southwest chipotle seasoning
1260,semolina flour
1261,quaker® oats
1262,mango pulp
1263,butter flavored extract
1264,papaya
1265,boiling water
1266,pork loin chops
1267,cod fillets
1268,toasted slivered almonds
1269,prepared sponge cake dessert cups
1270,mixed spice
1271,green leaf lettuce
1272,feta
1273,apricot nectar
1274,mandarin oranges
1275,ripe pear
1276,light soy sauce
1277,stone-ground mustard
1278,grated orange peel
1279,sweet baking chocolate
1280,meyer lemon zest
1281,freshly grated ginger
1282,japanese milk bread
1283,dates
1284,dried sweet basil
1285,lemon twist
1286,egg yolk
1287,pecan halves
1288,peaches
1289,chicken breasts
1290,dried pitted prunes
1291,ripe peaches
1292,white chocolate chips
1293,whole chicken
1294,habanero hot sauce
1295,deglet noor dates
1296,cider vinegar
1297,tomato paste
1298,ground paprika
1299,blanched almond flour
1300,pecorino-romano cheese
1301,romaine lettuce
1302,coconut flakes
1303,crushed gingersnap cookies
1304,freshly grated nutmeg
1305,triple sec liqueur
1306,fresh hot chile peppers
1307,powdered gelatin
1308,cloves
1309,red grapes
1310,white bread
1311,chopped fresh cilantro
1312,garlic
1313,beef skirt steak
1314,wasabi paste
1315,canola oil
1316,sliced black olives
1317,chopped toasted walnuts
1318,coarse sparkling sugar
1319,cheddar cheese
1320,lemongrass
1321,shredded cheddar cheese
1322,compressed fresh yeast
1323,reynolds wrap® aluminum foil
1324,mild cheddar cheese
1325,onion
1326,mango cubes
1327,packed light brown sugar
1328,chocolate sandwich cookies
1329,purple onion
1330,fresh pineapple
1331,crushed red pepper
1332,shredded coconut
1333,philadelphia cream cheese
1334,crushed peanuts
1335,crumbled gorgonzola cheese
1336,guava juice
1337,firm pears
